Id,RegionDescription
30883794,Automated tertiary budgetary management
583402762,Cloned secondary capability
13032,Upgradable impactful orchestration
1096,Down-sized maximized algorithm
3754,Organic needs-based encoding
8408531,Distributed composite hardware
913,Profit-focused responsive flexibility
194328,Visionary even-keeled moratorium
66800173,Multi-tiered fresh-thinking orchestration
386618492,Monitored clear-thinking artificial intelligence
646837,Optional user-facing groupware
30,Fully-configurable 5thgeneration paradigm
9619,Innovative attitude-oriented matrices
8543,Reverse-engineered holistic capability
9446400,Distributed high-level utilization
904939161,Seamless client-driven framework
884,Grass-roots solution-oriented definition
818454309,Automated dynamic product
80,Extended zero-defect knowledge user
21767068,Ameliorated national policy
99997914,Horizontal attitude-oriented access
2234,Expanded asymmetric challenge
331603,Function-based logistical focus group
505696,Sharable actuating time-frame
828073,Organized well-modulated solution
69385621,Open-architected methodical workforce
7453648,Virtual hybrid capacity
90,Fundamental foreground protocol
859,Streamlined disintermediate Graphical User Interface
451,Phased even-keeled utilization
11918233,Proactive object-oriented framework
143,Open-architected heuristic functionalities
4961081,Multi-channeled bandwidth-monitored help-desk
7929,Persevering multimedia throughput
278,Organic tertiary instruction set
5161,Intuitive systemic array
67862,Innovative bandwidth-monitored strategy
36605967,Managed asynchronous challenge
135237,Grass-roots 5thgeneration capacity
881280883,Phased 5thgeneration orchestration
34351,Organized actuating moderator
24,Synergistic system-worthy data-warehouse
377993602,Pre-emptive coherent workforce
454,Networked empowering concept
6645,Triple-buffered high-level flexibility
4038240,Organic radical monitoring
5521,Extended multi-state firmware
72307,Self-enabling discrete knowledge user
6456,Ameliorated asymmetric Internet solution
56868,Synchronized system-worthy intranet
262520,Cloned logistical product
726131,Front-line 6thgeneration portal
235810147,Enhanced asynchronous encryption
60394,Distributed system-worthy strategy
5868364,Grass-roots dedicated hierarchy
7983,Down-sized background emulation
815,Inverse systematic ability
150214681,Right-sized asymmetric firmware
6396,Total dedicated challenge
792,Vision-oriented clear-thinking moderator
466349976,Expanded client-server migration
219,Digitized local firmware
18507,Focused 24hour solution
48387991,Distributed analyzing infrastructure
399,Organized hybrid paradigm
476,Robust bottom-line process improvement
62755,Multi-lateral next generation initiative
380404194,Configurable object-oriented portal
1296,Universal stable secured line
405010014,Managed mobile interface
812780,Universal secondary emulation
713,Implemented systematic projection
189026394,Operative dedicated time-frame
4897,Operative scalable data-warehouse
139,Horizontal optimal secured line
569274,Centralized fresh-thinking customer loyalty
724,Reactive motivating function
235313,Progressive background interface
91,Seamless interactive middleware
25568,Multi-layered next generation success
2269,Quality-focused homogeneous time-frame
11972816,Multi-layered analyzing application
99977,Visionary heuristic application
61995,User-friendly heuristic alliance
974843845,De-engineered maximized time-frame
55246,Self-enabling 3rdgeneration core
401779133,Decentralized 24hour open architecture
92,Triple-buffered non-volatile capability
915,Ergonomic attitude-oriented protocol
1085,Visionary didactic knowledge user
515629748,Monitored contextually-based frame
79747216,Quality-focused cohesive customer loyalty
61634,Synchronized maximized capability
824143447,Monitored radical service-desk
8219,Compatible demand-driven encryption
79342,Profit-focused asynchronous product
32365382,Profound radical middleware
837,Ameliorated actuating open architecture
7794044,Reactive global contingency
719,Team-oriented actuating benchmark
