Id,FirstName,LastName,Email,PhoneNumber
27,Robert,Herman,gregorycline@example.com,591-440-7443
21335,Patrick,Savage,adam30@example.org,585-237-9655x1473
47506916,Bobby,Cox,mitchellbianca@example.com,594.714.7029x4710
240029943,Susan,Parker,barronbenjamin@example.net,8993188363
6414,Michael,Perry,dmoore@example.com,+1-264-623-4519x32339
16347,Daniel,Hansen,shannonpatrick@example.org,(852)554-2403x20440
794,Kristine,Marshall,rscott@example.com,001-644-382-8757
301401,Francisco,Rodriguez,grahamtyler@example.net,(218)389-3379
65192053,Seth,Schaefer,privera@example.net,001-927-701-3717
44155958,Brandon,Peterson,michaelreed@example.org,507.273.9921
8945,Douglas,Cole,amberleon@example.com,951-696-0644x076
9792,Michael,Green,dominicsims@example.com,4398282326
573,Ashley,Collins,hjohnson@example.org,(734)827-6576x019
518623521,Alex,Peck,vparker@example.org,2822836630
5233321,Denise,Adams,haley24@example.org,001-348-979-7455x95984
33697,Sarah,Schaefer,otorres@example.org,+1-717-777-8605x82147
702,Nicole,Mccarthy,asolis@example.com,905-774-2371
86,Ronald,Dunn,slarson@example.net,+1-805-671-1938
7,Tyler,Petty,sdixon@example.org,(584)652-5370x80926
308179408,Thomas,Hill,wilsonshane@example.com,643-218-0367
8545,Sharon,Garcia,zacharyparks@example.com,348-674-9076x16696
5896,Christopher,Pearson,davidtimothy@example.com,(569)646-4789x5429
249859,Adam,Wood,kenthowell@example.org,001-241-406-2658x61866
299252208,Mary,Everett,fschwartz@example.com,(954)772-0614
7190,Jonathan,Ford,kimberly49@example.com,(492)639-2353x9564
44,Joseph,Martin,edwardsjeffery@example.net,447.646.4277x16170
290562410,Lisa,Nunez,cordovaamanda@example.org,466-285-6685
971197511,Christopher,Gregory,josewelch@example.net,807-869-3916x79421
50580,Jenny,Sanders,riveralauren@example.com,001-841-654-6591x965
259,Kyle,Freeman,oanderson@example.com,706-987-2404
7697480,Richard,Baker,ilewis@example.com,001-746-246-6545
353748,Lisa,Jones,johnsonrussell@example.net,709.322.6461
0,Matthew,Kemp,kyleclark@example.com,833.590.6898
126991,Jamie,Lynch,leebaldwin@example.org,564.249.6035x1405
1203,Peter,Glover,mccalljacob@example.com,541.993.2251x497
51289,Joy,Perez,ewilson@example.com,693.337.2390
1198755,Michael,Carroll,juarezamanda@example.org,001-841-283-4669
8,April,Stone,polsen@example.com,488.925.9029
368848606,Robert,Jones,amandamcdaniel@example.com,729-541-8892x46818
838403,Adam,Ortiz,parkantonio@example.net,493-937-6964x42344
313200251,Wesley,Atkinson,nwright@example.net,(942)842-7497x6701
312,David,Holmes,carrmichael@example.org,998-302-1054x523
4,Kathryn,Reynolds,melissamorgan@example.org,001-515-497-9988
89,Jeffery,Burton,kurtdavis@example.com,834-569-0586
5,Aaron,Davis,scott70@example.com,+1-259-694-9090x4208
6280667,Christopher,Gordon,adkinsshannon@example.net,353-672-1632x64807
3296,Theodore,Phelps,aowens@example.org,(682)653-1598x43169
433,Kathleen,Ortiz,trevorbrown@example.net,(344)636-4876
905383,Tammy,Combs,russelldenise@example.org,478-478-6026x7352
15,Amber,Sanders,washingtonjohn@example.com,(749)490-7637x120
26,Heidi,Mcdonald,malloryle@example.org,898-861-7492
8060803,Darren,Cross,martinezjoseph@example.org,+1-527-599-8724x3826
5840,Michael,Arnold,ashea@example.net,902.408.5399
90357,Shaun,Myers,markramos@example.com,(601)735-0483x39715
461,Robert,Smith,williamsjamie@example.org,+1-940-597-3550x494
961763,Kristy,Chandler,heather02@example.net,820-368-8836x85774
85645195,Henry,Oconnell,catherinewilson@example.com,309.393.0147x0282
74428,Justin,Bell,shawnwalton@example.net,7895461855
60456697,Kristin,West,emily90@example.com,(752)805-5483
86632,Misty,Lang,msanders@example.org,521-249-2659
937175465,Lindsey,Davis,jlewis@example.org,385.764.8280x88779
3,Christine,Turner,dawngiles@example.org,+1-325-391-3753x041
81356,Henry,Gray,hartpatricia@example.net,(778)704-9716
5535,Ronald,Turner,mberry@example.net,001-563-304-2438x2951
459048858,Amy,Mitchell,wmitchell@example.org,8133113266
464,Brandon,Mcgee,lori56@example.org,+1-326-215-0175x6473
596,Karen,Benitez,jacqueline29@example.org,5486295147
83696,Michael,Stuart,jennifervega@example.net,+1-305-710-6398x0607
69,Lisa,Whitehead,hgarcia@example.com,+1-958-296-4836x696
9041863,Casey,Mccann,jacksonsherry@example.org,001-805-714-3666x7924
936510160,Sandra,Carpenter,danielmalone@example.com,001-806-204-4502x1349
264090367,Diana,Richardson,andersonbrian@example.net,421.237.6665x6184
1748546,Alicia,Garrett,michaelherring@example.com,001-563-492-3011x746
53237517,Tara,Jennings,yfields@example.org,951-475-4322x18834
411781,Tina,Thomas,peter87@example.org,729-632-2355
213,Deanna,Jackson,charles95@example.net,(259)856-8373
45,Juan,Jensen,yalexander@example.com,+1-817-447-8760x506
6,Steven,Hensley,gomezstacey@example.com,959.828.3108
4272520,James,Oliver,williamjones@example.net,001-998-947-0902x94162
831894,Marcia,Jenkins,fevans@example.net,001-506-676-2829x7165
4818638,Hailey,Baker,joshua20@example.com,3832672666
6145,Johnny,Henson,keith84@example.net,+1-219-937-8869x863
938482140,David,Mitchell,aespinoza@example.com,304.544.9954
8284982,Ashley,Gray,wendysmith@example.net,(653)984-5469x304
252120,Brittany,Stewart,fcummings@example.com,724-334-1555x2702
180360,Andrew,Clark,kerrdanielle@example.net,(998)382-0752
2,Derrick,Johnson,joyluna@example.org,765-883-1642
431609,Peter,Keller,tyler38@example.net,+1-451-890-4902x7498
8793,Brooke,Wiggins,christopher98@example.com,001-306-472-6998x20680
776884,Richard,Mccormick,rtaylor@example.com,562-932-4122x58728
1159,Diane,Moore,owells@example.net,533.814.7721
5983,Patricia,Maddox,watsonmary@example.org,+1-911-338-2543x7209
7232729,Donald,Perkins,gscott@example.net,(655)311-7728x601
43742854,Chad,Foley,elizabeth89@example.org,330.415.4692x604
60136,Noah,Powell,deborah24@example.net,(881)765-1236
92306854,Natalie,Smith,iparks@example.org,538-834-8855
2643296,Travis,Davenport,morrisjennifer@example.org,001-616-425-0742x7171
2703674,Eric,West,ojennings@example.org,502-818-9075x14942
599146673,Katherine,Young,randallsamantha@example.net,(244)347-5881x7952
667526922,Jacob,Martin,michellesandoval@example.com,+1-560-457-3292x4085
311387532,Daniel,Davis,ariaskayla@example.org,791.698.2841x95707
899810,Jack,Cook,jasonmontgomery@example.net,619.768.0695x083
5172,Candice,Rowe,dominiqueschroeder@example.net,(244)712-5824x08028
16587247,Melissa,Floyd,karen67@example.com,001-589-931-3438x7416
7242,Ronald,Dixon,wturner@example.net,(982)423-9387x70116
97,Micheal,Estes,ucastro@example.com,001-453-632-1660x05438
5998,Tiffany,Evans,marybrown@example.net,495-811-6984x68389
783795414,James,Oconnor,yuandrew@example.net,001-298-814-2789
34,Cynthia,Richards,ymitchell@example.com,506.376.2988x23487
690514370,Michael,Le,valdezfrancisco@example.org,+1-247-427-6560x2969
6552,Jacob,Castro,dbenton@example.org,565.656.2576x163
15020,Jimmy,Rodriguez,changanthony@example.com,(216)268-5355x98387
900774653,Tammy,Peterson,christopherlowery@example.com,+1-970-219-2716x3814
66070247,April,Thornton,brianbrown@example.net,207.424.0993x7740
9,Heather,Buckley,ftaylor@example.org,(775)646-1199x7462
740440448,Suzanne,Robinson,sandramoore@example.com,967-597-0448x49123
962,Jennifer,Ewing,markroberts@example.net,(408)829-5868x311
9187887,Sarah,Mills,johnsonmichael@example.net,348.224.3366
806,Jason,Hunt,cheryl37@example.net,932-407-0862
95493,Rachel,Pena,bennettdarlene@example.net,(852)511-2429x67361
87669384,Dennis,Davis,tony46@example.com,415.447.1498
8174974,Oscar,Wheeler,robertle@example.net,217.862.3509
145,Marissa,Ramos,nicole90@example.com,(997)751-4376x1058
70,Diana,Roth,prattthomas@example.net,+1-231-483-7592
93908062,Elizabeth,Brock,benjamin70@example.org,+1-218-934-1457x63557
7829,Alicia,Martinez,beanlisa@example.org,757-992-8213x8912
9162,Lisa,Hall,milleramanda@example.org,+1-223-430-8920
1,Melissa,Brown,johnnypatel@example.net,6228491688
94807037,Christopher,Brown,margaret94@example.net,910-977-9927x0342
891,David,Hines,qdean@example.net,235-293-4611
56,Lawrence,Nelson,aaronsparks@example.net,001-915-514-3157
15439,Darren,Castro,craig57@example.net,001-788-762-7805x557
518972477,William,Campos,sherry20@example.net,+1-681-202-9445x8389
8014,Amy,Phillips,erica43@example.org,507.368.1433
67373136,Jennifer,Schaefer,idean@example.com,(596)222-5282
873484,Jason,Le,mary01@example.com,858-464-9296x10786
6375095,Ryan,Gonzalez,xcarter@example.net,(500)990-2533
7578415,Sandra,Jackson,wilsonbrenda@example.org,690-261-4113x76695
718,Karen,Bell,adrianalee@example.org,001-935-267-1109
286,Kayla,Cole,evanhowell@example.com,804-545-5163
4027,Julie,Madden,irwinkathleen@example.org,001-435-482-8433x26311
35,Robert,Lee,leslie56@example.net,(708)724-6224x62595
44454015,Kyle,Jones,courtney62@example.com,574.748.0935
814786,Tanya,Hill,kevinwells@example.com,(556)750-1049
472,Casey,Ferguson,wilcoxpatricia@example.com,787.365.6457
322226914,Meghan,Singh,ledwards@example.org,(524)291-3015x14114
727852,Lori,King,michaelbishop@example.net,677-794-5531
174794027,Daniel,Duffy,tylermurphy@example.com,329.274.6032x64573
458,Christopher,Rhodes,markgarcia@example.org,754-691-0111x19735
7997826,Stacie,Brown,melanie07@example.com,(792)883-5275x7524
909,Jeremy,Cooper,kellykirby@example.com,276-405-1255x670
3583099,Douglas,Buck,deborahparker@example.org,509.361.8782
40348,Cynthia,Livingston,tatemarcus@example.net,001-393-292-0158x2942
881,Dylan,Clark,kcabrera@example.com,407.925.0408
80544,Patrick,Murray,qsalinas@example.net,001-959-731-1098x38314
301042,Joshua,Williams,ebony12@example.com,238.388.0295x8710
6904,Sarah,Moon,watsonmarcus@example.net,(716)723-5938x8579
45797692,Maria,Schroeder,sandramelendez@example.com,715.230.3751x443
470283264,Victoria,Hall,jacob72@example.net,453-786-8450
655,Ruth,Downs,samanthamartinez@example.net,(832)741-5169
9577,Erin,Chambers,clarkvalerie@example.com,(268)717-8724x23242
86130247,Adam,Pacheco,thomasmarie@example.com,(746)666-7696x8543
82,Daniel,Murillo,christopherflores@example.org,460.300.0030x966
28096,Julia,Rush,vanessaespinoza@example.org,+1-518-890-0306x124
17634272,Paul,Love,carolcollins@example.com,515-201-7993
449955,Laura,Byrd,laurie18@example.com,845.563.0003
238482,Jennifer,Mayer,valdezmichael@example.com,(208)850-5703
36,Joseph,Macdonald,davidhill@example.net,(725)794-1011x7652
13058920,Hannah,Phillips,brownedward@example.org,497.440.4104x838
830,Leonard,Drake,crawfordjustin@example.com,201-263-9609x630
767886852,Jessica,Hernandez,jason24@example.com,+1-933-969-1934
628992,Nina,Austin,xgomez@example.net,460.985.4845x4606
998754,Linda,Murphy,andrewvargas@example.org,001-661-269-9377x697
16713011,Autumn,Mitchell,gooddeborah@example.net,618.793.1729x837
184646998,Patricia,Booth,zhunter@example.net,8979666239
61207108,James,Barrett,wangjessica@example.com,001-622-738-5250x8474
880,Rodney,Franklin,eugenebenitez@example.org,555.209.0196
745060173,Javier,Collins,mark82@example.org,(858)692-4414
2846,Benjamin,Stewart,bethanypalmer@example.net,(297)720-3326
73,Diamond,King,douglasbarnes@example.org,+1-276-929-6026x3665
67732,Nicolas,Johnson,wardlauren@example.org,952-269-9577x06787
175,Eileen,Herrera,xgoodwin@example.org,001-413-305-0340x960
857661,Catherine,Rogers,crystalfox@example.org,001-698-447-5601x2533
57472,Shannon,Reilly,rachel67@example.org,671-370-2062x388
988971956,Anna,Mclean,vgibson@example.com,321.992.6745x429
7838309,Kevin,Lucas,williamsjeremy@example.org,682-910-9227x28059
43,Brett,Parker,zhines@example.org,(261)361-2765x873
33992944,Tamara,Stewart,reynoldsabigail@example.com,608-825-9323x490
6815,Dawn,Shaw,kfrazier@example.org,(578)498-9550x66493
83,Patricia,Harris,zjohnson@example.net,(886)426-8814x761
19848357,Tony,Barker,grossalfred@example.org,663.626.7200x3693
193,Michael,Long,leewhitney@example.net,482-789-9456x7917
8720193,Erin,Ayers,mark10@example.org,(702)313-5265
847,Kathryn,Brown,kphelps@example.org,306.909.3440
989,Tiffany,Harris,bclayton@example.org,669.703.0388x9945
622,Richard,Galloway,miguelsmith@example.net,721.456.2932x163
9532024,John,Adams,hortonemily@example.net,9948200554
976857,John,Collier,huntbarry@example.org,813.753.2248
4136,Vicki,Bowman,nmoreno@example.net,(605)728-8783
2795,Kelly,Taylor,shane11@example.com,001-400-323-7325x9708
587,Nathan,Lawson,crystal09@example.net,475.271.0180x009
921682,Natalie,Hernandez,jessicagaines@example.com,001-840-431-9896x6315
4125078,Sharon,Hughes,briana11@example.com,001-395-247-2564x77887
29668595,Laura,Hamilton,vwilliams@example.com,492-304-9006
44351,Alexander,Sullivan,mspencer@example.com,580.632.7526
605,Tina,Gomez,markbates@example.org,(664)398-5075
766,Julie,Warner,bmacdonald@example.org,257.668.5994x37040
805,Taylor,Williams,millerjohn@example.org,4565292692
872688850,Alicia,Glenn,jowens@example.com,(881)811-9558
55,Christopher,White,tdavidson@example.com,+1-795-668-4341x1490
1474081,Angela,Mcbride,whitney70@example.net,001-579-810-5829x7440
870852255,Amber,Harris,haleyrose@example.net,+1-220-723-1535x75511
793560849,Susan,Thompson,patrickfoster@example.net,269.722.6612x277
90413,James,Cook,christopher47@example.com,+1-842-891-4605x5639
3019,Michael,Moore,jordanjason@example.org,(579)243-9335
32364,Nicole,Long,williamsonlinda@example.org,(309)810-5127x7384
74722,Victor,Becker,robert72@example.org,001-911-223-9879x18378
6108431,Austin,Wiley,laurenwallace@example.org,+1-423-903-3238
467594,Paul,Allen,lorihensley@example.net,(726)873-5943x68328
90113,Damon,Mcintosh,mariahblack@example.org,001-836-930-2023x043
21516984,Jennifer,Ramirez,rorozco@example.net,+1-997-598-8591x497
798,Lisa,Shepherd,patricia81@example.org,893-443-3975
299240117,Richard,Sanders,kayla73@example.net,268-899-4613x4801
2887,Jeffrey,Castro,pmckay@example.org,222-591-5127
11177603,Cory,Park,daniel89@example.org,(988)855-2335
704,Taylor,Bailey,laurenpark@example.com,694.424.8989x459
626,Brent,Perez,dakotariley@example.net,816.778.9835x3941
54188,Marcus,Petty,scottkim@example.net,(936)293-6180x586
73809,Jason,Phillips,aliciasmith@example.org,493.233.1476
8901693,Ashley,Lee,kmejia@example.net,598.791.8027x727
8016319,Michael,Suarez,debbie93@example.net,(779)943-4787x0703
489647,Justin,Hardin,robertswilliam@example.com,799-305-2132x952
113,Samuel,Wise,melissawhite@example.net,(723)499-6780x693
8599027,Sandra,Taylor,courtneydaniels@example.net,391.203.7982x083
925663,Brandon,Cooper,jenniferpatterson@example.com,+1-544-611-5192x529
13,Joseph,Jones,kennethstewart@example.net,(202)669-2510
93389,Ryan,Young,stevenramirez@example.com,001-971-882-0040x9132
852303,William,Wheeler,karenmosley@example.com,+1-378-467-0324x42256
62271,James,Banks,ohoffman@example.net,+1-805-657-2290x48388
223237035,Sharon,Maynard,lwaters@example.org,(663)419-8998
396999,Misty,Hicks,ewilliams@example.org,(780)751-8396
1423516,Lauren,Nelson,richardsonwilliam@example.net,+1-762-523-2379x449
8212980,Justin,Perez,rodriguezchelsea@example.com,+1-209-395-1811x9847
60679,Robert,Hammond,austinfrank@example.net,(260)452-9389
169398,Joel,Harris,hcampos@example.org,432.463.8828
480,Robert,Esparza,odavidson@example.net,001-871-752-4949x8338
49440,Ashlee,Owens,sandra49@example.com,001-589-779-7299x20126
5113,Amanda,Jimenez,mary90@example.org,725-801-9435x30293
112404853,Mark,Peters,williamramirez@example.net,(862)561-3536
52438,Vanessa,Patel,emily90@example.org,+1-339-897-9130x188
25219849,Kevin,Wood,kathleen40@example.com,+1-794-658-7748
7493303,Jeremy,Griffith,ofields@example.net,358-964-9957x569
335131907,Caleb,Maldonado,sean54@example.com,+1-945-435-5787x77599
49059,David,Hutchinson,christopher99@example.org,582-856-8720
7918,Rachael,Brown,michael59@example.com,335.678.1645x200
67,William,Ramirez,thomasgregory@example.net,715-975-0550
2557,Donna,Bridges,timothy55@example.net,(433)450-5800x833
240,Jennifer,Reynolds,jessicasmith@example.net,603.341.1905
918,Kathleen,Wagner,johnkhan@example.net,001-534-750-8698x6365
715380712,Kelli,Rodriguez,jrich@example.net,9552987211
96,Paul,Powers,kempandrea@example.org,318.710.9804x680
9518,Dawn,Mack,ffowler@example.net,721.617.1466x3323
15573867,David,Tapia,brucejones@example.net,557.459.6200
9104,Kenneth,Newton,ohoward@example.net,(916)826-7337x908
6669739,Aaron,Ortiz,yvetteadams@example.com,797.356.7065
46704288,John,Jones,zacharywells@example.com,001-834-557-2546x1040
1267,Mike,Contreras,joshua88@example.org,816-579-8603
9507,Christopher,Greene,ronaldbrown@example.com,7513159391
5738,Jamie,Clayton,bishopbrittany@example.org,(498)284-4897x67838
59,John,Wolfe,hessmelissa@example.net,+1-402-749-4186x2592
780476,Joseph,Chavez,samanthamiller@example.net,7463821996
67306995,Emily,Richards,garybright@example.org,711.896.5004x125
48991496,Lisa,Lopez,farleythomas@example.com,001-470-428-4309
1024,Ann,Young,velezandrew@example.com,695.854.0092x4179
439715,James,White,lanerichard@example.net,+1-395-436-5751x90719
89084,Deborah,Garrison,nobrien@example.net,4044393188
16104,Brenda,Schmitt,morrowbailey@example.net,215.735.7937
60890241,Matthew,Williams,fkelley@example.com,+1-359-766-5201
6494304,Brandon,Horne,jeffreywright@example.org,(850)594-2605
421244022,Steven,Petty,vgarcia@example.com,001-538-780-0464x2716
732,Samantha,Lowery,jeremylyons@example.org,4413473385
2205385,Aaron,Myers,oking@example.net,(896)480-6488
29240883,Phillip,Stewart,alfred89@example.net,597-591-0559x553
42,Leroy,Best,jonesnicole@example.com,001-719-425-7123x874
896814,Cynthia,Gomez,gho@example.com,+1-591-216-0390x5378
4925226,Michelle,Mendoza,beckermatthew@example.org,+1-659-722-5266x365
5582,Courtney,Alvarez,todd39@example.com,7513487666
119937848,Daniel,Turner,johnnychapman@example.net,499.891.0672
75117,Reginald,Hall,stephensontanya@example.org,001-399-951-9790
11180681,Linda,Mendez,adamcarter@example.net,+1-350-669-5684
7628,Andrew,Gates,xhess@example.org,(512)341-1408x48150
496983404,Pedro,Morgan,blake79@example.org,848-233-1979
822861838,Eric,Gallegos,hillgrace@example.com,(259)914-6523
47038075,Emily,Moses,jennathompson@example.com,(519)750-1858x87492
5120,Jessica,Delgado,marshallmark@example.net,4753423962
591385,Bethany,Chapman,nicolejohnson@example.com,794.924.4369
20604,Latoya,Edwards,pamela54@example.org,001-518-349-0808
1673,Paul,Hernandez,davidmclaughlin@example.net,501.939.5472x9359
32049771,Robert,Mendoza,laurievargas@example.org,(720)665-7029
995,Justin,Middleton,ksmith@example.org,+1-457-669-4903x879
