Id,CompanyName,ContactName,Address,City,PostalCode,Country,Phone
65759,Gutierrez LLC,Lucas Macias,"USS Mccann FPO AA 97343",Juarezshire,70182,South Georgia and the South Sandwich Islands,9126788706
94539949,Curtis LLC,Sarah Lowe,"0657 Johnny Light East Matthew, IN 80480",Boylefort,43661,Martinique,+1-303-337-2391x027
727141,"Davis, Lopez and Carter",Jared Mendoza,"7554 Ashley Harbors Suite 619 Wyatthaven, TX 58388",Port Kellymouth,66995,Norfolk Island,538-257-2960x50610
245,"Gregory, Collier and Moran",Kevin Green,"7400 Sherry Plains Apt. 661 Jennyland, NM 19175",Gonzalesview,89529,Cyprus,707-242-0907
375545,"Brown, Young and Russo",Christopher Gibbs,"45372 Lane Stream Suite 235 Vasquezhaven, VA 50604",Jamesborough,37333,Togo,719-340-8108
950,"Smith, Sanchez and Osborne",Robert Taylor,"88288 Pittman Court New Alexis, AS 59376",Medinaborough,75625,Christmas Island,948.869.8981
926972,Barrett Ltd,Anna Parker,"964 Peterson Lights Suite 549 Reginafurt, WA 59013",Meganshire,11732,Libyan Arab Jamahiriya,284-438-1527
1473702,Wilson-Stephens,Julie King,"581 Renee Rue North Jeromeside, RI 66431",Lauraton,13060,Madagascar,001-285-489-6944x2429
49520,Cannon Inc,Diane Avila,"701 David Key Suite 158 Cummingston, PW 59403",New Davidstad,55371,Saint Pierre and Miquelon,+1-204-884-7897x654
4456,"Manning, Shepard and Wright",Christopher Hill,"030 Humphrey Forge Lake Conniechester, KS 71534",New Jessicaborough,93550,El Salvador,607.899.0598x233
868214469,Hall Inc,Joseph Fowler,"7028 Thomas Corner Suite 569 Jonathanborough, WI 65313",North Mary,21095,Faroe Islands,(752)249-9032
93,Porter-Cooper,John Sims,"302 Bright Trail Michelleview, MN 23221",Lake Sarah,28901,Iran,001-510-324-3829x058
9511172,Wallace-Williams,Monica Swanson,"5244 Hunter Greens Apt. 032 Morrisborough, NY 46180",Jordanstad,53241,Chile,8008958665
668142,Daniel Group,Brian Garcia,"45863 Terri Pike Angelastad, FM 65941",Schultzhaven,35372,Korea,+1-858-440-9637x3324
986514419,Kelly-Huffman,Kimberly Alvarez,"0209 Bowman Bridge Apt. 598 East Adam, NY 40051",Josephfort,55486,Georgia,533-818-3378
3000703,Carter-Parker,Sean Thompson,"664 Ramsey Manor Suite 272 New Brittanymouth, KS 80838",Lake Jessetown,32262,Hungary,623-484-4537x152
9367,Kramer Ltd,Tricia Snyder,"1121 Martinez Center Haleymouth, FL 02323",Lake Tanya,56028,Micronesia,001-862-422-7831
1900013,Luna-Rodriguez,Hunter Mercer,"08008 Susan Course South Nancy, PW 43250",Bryantside,55831,Egypt,001-764-737-9571
897719203,Allen-Ramirez,Jennifer Farmer,"0202 James Street Apt. 501 Jessicaview, CO 56775",Smithmouth,27045,Tonga,+1-399-424-3975x31144
3291758,"Summers, Gonzales and Castro",Deborah Chan,"4277 Conley Dale Suite 288 Isaacburgh, DE 06065",Parsonsborough,91705,Mali,(371)255-7978
270,"Reeves, Peterson and Schmidt",Lisa Kane,"Unit 6536 Box 8422 DPO AE 24360",Davidport,75844,Egypt,681.778.2155x0148
385566610,"Cross, Davis and Johnson",Cameron Flores,"335 Reese Underpass Jennifershire, AK 31350",Davidstad,26604,Monaco,713-946-1481
451755681,Bautista-Garcia,Bryan Grimes,"7158 Collins Course Derrickshire, WA 02102",Lake Ashley,18184,Azerbaijan,810-395-9376x74031
1138,Haney-Wood,Billy Dalton,"71131 Miller Mount Stephanieberg, NC 89195",Mitchellbury,21742,Gabon,216-291-1630
1809,Miller-Martin,Christopher Horton,"29427 Wright Circle Port Jennifer, KY 86860",Leeland,62896,Israel,001-215-237-5449x45825
67906467,Poole Group,John Smith,"PSC 1192, Box 0730 APO AE 20473",Buchanantown,34239,Jersey,(839)864-0046x207
289,"Perez, Weber and Baker",Jennifer Mckinney,"7021 Edwards Way West Brookemouth, LA 51750",Jacobsonton,77889,United States Virgin Islands,001-669-626-4621x98146
722022457,Richardson LLC,Amanda Lyons,"Unit 2271 Box 5244 DPO AP 39500",Simmonstown,16210,Cameroon,832.441.9567
37,"Smith, Reynolds and Cummings",Jerry Tran,"852 Mario Rapid Greenmouth, IN 96775",Christopherberg,77190,Czech Republic,001-784-235-2357x3734
305061496,"Vasquez, Alvarez and Acosta",Dr. Michael Young,"46444 Brandon Locks Apt. 743 New Dustinside, ND 02524",Ashleybury,07475,United States Virgin Islands,477-674-9066x934
1410148,Watson-Patrick,Brian Butler,"87586 Morrow Viaduct Port Elizabeth, ND 68748",Reynoldsmouth,46474,Mongolia,7143168810
133,Gonzalez Inc,Nathaniel Bender,"24555 Mann Terrace Byrdhaven, NY 63439",Jessicaberg,14711,Sri Lanka,(264)389-6910x946
85718,Harris PLC,Samantha Clark,"140 Ethan Garden Apt. 060 Lake Justin, MI 83465",West Edward,95203,Mozambique,(756)823-9845
663626,"Martinez, Grant and Smith",Lisa Elliott,"614 Duran Dam Suite 618 Lake Thomashaven, SD 33408",West Jasonburgh,85040,Central African Republic,604.851.0211x4293
3270750,Hammond-Steele,Cassandra Harper,"733 Swanson Causeway Apt. 913 Dawnview, IA 40716",Marcusville,08108,Mayotte,549.839.1473
8498,Thomas-Olsen,Sarah Mitchell,"082 Sosa Well Apt. 857 West Jason, NV 32943",New Scott,74801,Nigeria,798.406.7040x404
429790029,"Ortiz, Campbell and Mcdonald",Barbara Mccann,"8396 Mason Islands Thomasbury, WV 80796",North Randy,66620,French Guiana,001-759-377-5114x76489
29,Griffin and Sons,Robert Mcdowell,"912 Garner Inlet Suite 159 Ramirezshire, NE 06942",Port Terryburgh,89033,Marshall Islands,(375)236-7545
773827,Johnson and Sons,Wendy Davis,"300 Danny Island South Gregport, TN 47085",Tiffanychester,46095,Lao People's Democratic Republic,470-749-7231
856194618,Collier-Pitts,Brian Solis,"30938 Miller Heights Apt. 201 Port Tonyafort, DE 05019",Warrenport,34830,Congo,287-570-5535
34103,Myers-Thomas,Nicole May,"8287 King Well Suite 496 Richardstad, PA 47241",Laurenmouth,53486,Morocco,751.512.2361
162114420,"Harris, Oliver and Taylor",Michael Jones,"612 Robert Lane South Zacharybury, IN 09246",Cynthiaside,69317,Cyprus,(585)967-4619x63439
5217938,Lane Inc,Melanie Acosta,"97078 Curtis Brook Suite 039 Evansview, ME 97515",East Nathanside,18305,Mozambique,(621)260-8794x89683
459711,Fisher-Patrick,Eric Day,"58413 Ramos Estates New Jessicaside, ID 27149",West Brandon,23644,Eritrea,276.964.8197
51020217,Vega Ltd,Kayla Rodriguez,"39870 Wade River Suite 187 Lake Heathershire, GA 28216",Reynoldsborough,74617,Cote d'Ivoire,748.770.3520x88410
561262,Park-Mccormick,Maria Payne,"549 Melanie Cape Suite 724 Joneshaven, AR 40715",North Staceyfurt,69612,Poland,001-495-248-7777x8390
513,"Rogers, Walter and Lee",Rachel Morgan,"45445 Wolf Loaf North James, HI 95907",North Rebecca,40862,Yemen,433.559.0654x47234
55795191,"Vasquez, Hill and Day",Julie Burgess,"320 Aaron Roads Butlerhaven, MN 97658",Conwayberg,78628,Mali,974-221-8473
162433,Jackson Ltd,Benjamin Sherman,"47452 Jodi Mountains Apt. 823 Jeanshire, PR 82036",West Nathanton,45363,Equatorial Guinea,(677)205-8322
82375859,"Ramirez, Cochran and Martin",John Bates,"PSC 0485, Box 4222 APO AA 72985",Whitemouth,06874,Falkland Islands (Malvinas),982-498-0904