Id,ProductName,SupplierId,QuantityPerUnit
828,revolutionize sticky relationships,1473702,7044
358871,exploit bleeding-edge methodologies,85718,394213950
22322213,innovate bleeding-edge partnerships,668142,95665
618219,reinvent compelling partnerships,375545,8
492104545,scale front-end technologies,9367,941319
365990,empower distributed info-mediaries,3270750,53409877
221,productize holistic e-markets,3270750,8
756281143,evolve dot-com networks,868214469,494777673
521,deploy B2B partnerships,856194618,622
34292904,transition plug-and-play portals,82375859,7
50319,maximize value-added communities,459711,475
6478,mesh e-business e-tailers,561262,39148
5230,synergize transparent synergies,513,49002
7749,seize 24/7 platforms,305061496,950782717
454019,synthesize cutting-edge channels,1900013,563
92484766,cultivate killer architectures,459711,7
889,extend integrated portals,663626,4638
196495,harness bricks-and-clicks mindshare,49520,40940074
92571,incubate customized vortals,65759,62045690
63398426,incentivize impactful web services,29,82
5965788,mesh web-enabled markets,55795191,9877431
4219083,reinvent cross-media platforms,9367,49
2916,architect bricks-and-clicks niches,773827,128856
535888,maximize holistic schemas,897719203,22
26743115,deliver out-of-the-box initiatives,85718,5958
3333972,scale user-centric e-tailers,3000703,35
3119185,transform B2C convergence,5217938,16
372385,transition strategic networks,773827,0
9070,reinvent end-to-end web services,4456,27108827
2814560,innovate cutting-edge convergence,94539949,947294
778014,enhance collaborative e-services,49520,740
820,e-enable world-class networks,4456,8692
8678,streamline impactful networks,722022457,601491000
2686724,incubate cross-media users,986514419,944440348
721899,embrace proactive channels,270,60
1657,iterate collaborative info-mediaries,85718,966
329349023,engage visionary solutions,93,6
4045971,unleash enterprise e-business,668142,724
10785443,utilize world-class info-mediaries,55795191,831701
141386,productize intuitive e-markets,727141,9078262
641913957,redefine distributed web-readiness,4456,2987
1357074,optimize magnetic ROI,289,214683
62685502,seize distributed mindshare,773827,9356
221779,synthesize plug-and-play web-readiness,897719203,319165
655654,enable enterprise deliverables,773827,299007196
265776,expedite proactive e-tailers,51020217,515
356423,extend cutting-edge convergence,663626,2
219304157,cultivate extensible web-readiness,37,5170240
50510,enable clicks-and-mortar relationships,663626,94
3513,benchmark viral architectures,385566610,482
99454,architect seamless content,3291758,735962370
68152302,redefine global e-services,270,311137
99314102,re-intermediate scalable users,926972,2347
5048406,architect real-time e-markets,37,59208040
235628,re-contextualize transparent infrastructures,270,57
28845,redefine revolutionary experiences,451755681,179410
924,unleash visionary schemas,82375859,0
90948041,grow e-business experiences,668142,96402103
682687,productize next-generation markets,34103,1976097
9080091,streamline leading-edge solutions,289,1266
4520,matrix best-of-breed functionalities,8498,8
6324373,revolutionize 24/7 convergence,375545,3640114
4031,utilize plug-and-play users,722022457,6305955
631359,unleash intuitive relationships,950,1924743
468,disintermediate integrated supply-chains,513,100339474
698468634,reinvent synergistic web services,3000703,5426247
81,empower best-of-breed bandwidth,94539949,321909761
165947441,empower user-centric functionalities,55795191,52176657
8057,architect synergistic systems,3000703,65
