Id,CompanyName,ContactName,ContactTitle,Address,City,Region,PostalCode,Country,Phone
314994620,Soto Group,Louis Clark,Financial adviser,"1111 Clayton Shore Suite 949 Ashleyfurt, LA 50878",Thomaschester,Wyoming,45189,Brazil,394.244.3082
60443,"Baker, Welch and Miller",Ethan Clark,"Conservator, museum/gallery","34804 Jenkins Mountains Apt. 278 Port Donald, IN 31571",Caseychester,Maine,46654,Malaysia,001-730-634-5429
46028,"Scott, Duffy and Smith",Theresa Valdez,Advertising art director,"258 Davenport Ports Apt. 442 Lake Evelynborough, CT 61039",Sarahhaven,Delaware,03922,Mauritania,573-556-7245x288
995866,Gamble-Torres,Steven Reynolds,Health promotion specialist,"4114 Kelly Knoll Wesleyburgh, WY 08734",Grahamside,New York,98599,United Arab Emirates,001-789-536-6640
75855445,"Romero, Brown and Gregory",Barbara Winters,Insurance broker,"0360 Gabriel Junctions Apt. 673 North Michael, WV 55322",West Robert,New Jersey,07864,Portugal,515.816.6383x684
690536839,"Gibson, Garcia and Smith",Paul Black,Operational researcher,"9104 Lawrence Land Suite 367 Lewiston, ID 45561",Port Anthony,Connecticut,64534,Bosnia and Herzegovina,+1-518-893-9935x9740
821803,Garcia-Garza,Gregory Fields,Financial controller,"8490 Elizabeth Unions Apt. 608 Tylerstad, HI 32094",South Shellyport,Wyoming,55735,Mayotte,001-243-666-8787x813
4050167,Diaz and Sons,Robin Booker,"Surveyor, insurance","1362 Keith Unions Richardsonburgh, OH 58855",Port Bryanville,Kansas,83387,Denmark,+1-230-234-3634x242
2189498,Barr Inc,Marcus Brown,Applications developer,"79179 Phillips Stravenue South Scottchester, DC 29800",Millerton,Vermont,45903,Kazakhstan,+1-715-237-6573x9606
380342282,Ellis LLC,Sandra Hunter,"Secretary, company","28273 Michele Orchard Melissaland, IA 61287",Arnoldview,Illinois,72672,Monaco,365.764.8848
38837487,"Perez, Ferrell and Adkins",Cameron Ryan,Paramedic,"8581 Michael Pines Jennifermouth, HI 48155",Yorkbury,Nebraska,25987,Senegal,001-280-479-1483x216
485087,Wright-Ross,Michael Pittman,Aeronautical engineer,"21296 Robert Crossing Alvaradoton, AS 73158",New Gina,New Hampshire,24009,Hong Kong,001-609-991-7102
189,"Leach, Lara and Bryan",Karen Weiss,"Presenter, broadcasting","124 Decker Land Port Kevinstad, MO 51119",West Ashleyberg,Rhode Island,76763,Israel,8346448054
5677,Mathis-Galloway,Kathy Reed,"Engineer, agricultural","6393 Sharon Keys Suite 098 Pereztown, CT 19284",Port Nicole,South Carolina,96111,Libyan Arab Jamahiriya,438.745.4116
794575527,Mccoy LLC,William Lopez,"Surveyor, hydrographic","3711 Gary Lane South Aaron, IA 92276",Lake Kaylamouth,Rhode Island,06518,Cote d'Ivoire,795.326.1034x3483
45245096,Velasquez Inc,Kristen Johnson,Chemical engineer,"362 Kristin Orchard Christinaville, NH 71337",Roseview,Kentucky,10664,Iraq,3768588968
79790377,Dominguez-Jensen,Greg Sandoval,"Engineer, maintenance","5381 Keith Park Suite 879 Payneberg, PA 63498",Weaverville,Rhode Island,40481,Mauritania,001-359-656-9045
801,Tapia Inc,Katrina Johnson,Research scientist (life sciences),"39851 Harvey Throughway Suite 419 New Stevenborough, PW 01403",Davidport,New Hampshire,95413,Netherlands,(386)613-9038x8868
588728,"Hester, Wright and Garcia",David Peterson,Medical laboratory scientific officer,"5115 Smith Port Suite 132 East Anthony, NV 08919",Lake Mark,Massachusetts,41919,Qatar,2075456030
54904098,Allen Ltd,Tracey Mcdaniel,"Nurse, children's","35224 Williams Land Apt. 345 Josephfurt, NE 81052",Port Tracey,Louisiana,24637,Seychelles,269.379.1063
9628,Bailey Ltd,Scott Bryant,Applications developer,"13744 Daniel Mill Suite 372 Dennisside, NM 20575",Lake Amanda,Delaware,79359,Iceland,001-955-204-2710x180
7473,"Kerr, Dunn and Rivera",Sara Snow,Broadcast presenter,"9496 Andrea Ville Deannachester, PR 99536",West Clinton,Utah,19292,Japan,(864)228-8267x23571
640053,"Shah, Blake and Moore",William Morales,Careers adviser,"9488 Laura Crossroad Garciafurt, GA 67124",Jessicaville,Virginia,47922,Uruguay,463.496.3219x87843
917158,"Smith, Ramirez and Mora",Taylor Stevens,Marketing executive,"84929 Victor Forges Apt. 942 Garciabury, WV 27879",Alanhaven,California,77488,Cameroon,363.306.9643
437439434,Hicks-Holmes,John Oneal,Herbalist,"988 Shaun Ridges Apt. 863 Steelechester, ND 10882",Jenniferborough,Delaware,42855,Sao Tome and Principe,469.331.3855
646,Coffey-Hughes,Christopher Ward,Jewellery designer,"231 Ramirez Causeway Katherineville, IA 54688",West Tammiehaven,Delaware,27245,Hungary,6677842164
152402559,Jones Ltd,Michelle Chavez,Best boy,"50838 James Fords Suite 153 East Brianberg, MA 05656",Lake Christopher,Iowa,32265,Lebanon,+1-481-449-9131
9976194,Robinson-Harris,Carolyn Hall,"Scientist, water quality","21257 Tyler Spurs New Sylvia, FL 09866",New Danielburgh,California,14755,Seychelles,9869648939
543003,"Carlson, Oneal and Collins",Wayne Le,"Scientist, forensic","37465 Brewer Falls Gordonhaven, CA 72957",Johnsonshire,Vermont,44300,Pakistan,279-574-0242
6151,"Rowland, Walker and Michael",Maria Roberts,"Education officer, community","PSC 6482, Box 2211 APO AA 97339",Peterville,New York,76109,Puerto Rico,591.998.1869x3088
344,Freeman-Clarke,Robert Castro,Conference centre manager,"5542 Stevens Orchard Frazierville, MI 92381",Jeremymouth,Ohio,77613,Sri Lanka,903.697.4081x692
42822167,Forbes-Rivera,Alicia Torres,Metallurgist,"4237 Joshua Hollow Johnsonmouth, MA 15139",Knappberg,Indiana,68915,Nepal,001-343-872-2855x750
773247,"Mccoy, Morris and Sims",Matthew Wells,Airline pilot,"4414 Jeffrey Fords Apt. 950 Zacharyville, WY 89114",Michellefort,Louisiana,47295,Bhutan,484-688-9529
366102749,Griffin Ltd,Molly Bernard,Charity officer,"323 Holloway Square Apt. 997 Baileyborough, HI 18116",East Gary,New Hampshire,35864,Singapore,001-698-571-1713x80058
3640862,Sampson-Black,Marissa Graves,"Education officer, community","548 Olivia Vista West George, TX 14254",Reginaldfurt,Connecticut,17792,Saint Pierre and Miquelon,7106681352
37372564,Reynolds-Burns,Mr. Daniel Ramos,"Psychologist, clinical","599 Willis Corner Autumntown, TX 12736",Davidmouth,Alaska,42187,North Macedonia,(402)512-4805x5467
10,Serrano Inc,Sara Sloan,Publishing copy,"930 Donna Loop Suite 647 Drewburgh, DE 34329",Justinmouth,Connecticut,08725,Honduras,(442)751-4522x2762
1686759,Harrison Ltd,Christopher Thomas,Database administrator,"7145 Kathryn Via Harrisport, MH 71344",Gloriatown,Kentucky,88243,Belarus,920-844-7525x66571
23905,"Knight, Hansen and Saunders",Debbie Carter,Immigration officer,"13875 Hampton Plaza Suite 824 Dawnfort, MH 09019",West Wendyborough,Kansas,97105,Congo,+1-325-986-6142
680,Rowe-Larsen,Robert Nolan,Sports development officer,"Unit 2757 Box 5533 DPO AP 98176",South Amy,Pennsylvania,24664,Sierra Leone,240-968-6826x807
180831592,"Fleming, Davis and Glover",Albert Stevens,Fisheries officer,"82173 Richards Points Apt. 962 Morganburgh, CO 14783",Wileyview,Connecticut,42802,Singapore,(467)649-0612x160
151,Bennett-Davis,John Williams,Research scientist (life sciences),"83837 James Orchard Apt. 398 Joshualand, DE 51845",Lake Michael,Oregon,16544,Belarus,(718)376-7222x62194
330447,"Aguilar, Stevens and Boone",Danielle Beasley,Automotive engineer,"365 Seth Falls Suite 381 Lake Connie, MT 16632",Michelleton,Alaska,12818,Peru,001-605-202-8430x606
7017609,Garcia Group,Jessica Sanford,Emergency planning/management officer,"8734 Aguirre Forges Apt. 003 Jacobbury, AL 96531",Monicaport,Indiana,00914,Cameroon,001-417-902-1055x0083
966478052,Allen-Jennings,Jose Griffith,Health physicist,"7361 Johns Radial Apt. 317 South Veronicahaven, AZ 43184",West Nancyhaven,Florida,64578,Sierra Leone,+1-863-580-9980x338
527,Green-Murray,Barbara Williams,"Production designer, theatre/television/film","5174 Warren Plain Suite 341 East Amyburgh, RI 79832",Garciaberg,Iowa,08455,South Africa,(902)512-8251x872
140251653,James-Savage,Nicholas White,"Engineer, structural","566 Sarah Landing Apt. 672 North Alyssa, WI 85335",West Angelicaville,Kentucky,51438,Finland,552-476-3121
666754,Patton Group,Jennifer Riley,"Clinical scientist, histocompatibility and immunogenetics","268 Timothy View Suite 464 Waltonbury, AL 09805",Port Alicia,Vermont,63193,Belize,+1-232-844-0831
561610,Bates Ltd,Caitlyn Morgan,Magazine features editor,"73937 John Village Apt. 748 South Michael, ME 86644",Annechester,Connecticut,85471,Saint Pierre and Miquelon,279.615.2832x67735
17242145,"Smith, Rogers and Mooney",Sheila Haas,"Designer, ceramics/pottery","9707 Morton Estates Apt. 321 Port Douglasstad, NV 82469",New Ericshire,Delaware,54332,Northern Mariana Islands,001-564-352-8171x2138
500506117,"Peters, Yoder and Jordan",Debbie Wright,Newspaper journalist,"4634 John Ville Apt. 423 East Sheri, IN 01448",Bradleyburgh,Minnesota,46922,Japan,707.480.4319x3111
8197,Thompson-Collins,Susan Evans,Textile designer,"403 King Burgs Apt. 875 Chelseybury, NM 39476",Lake Mariofurt,California,10014,Iran,001-446-446-5229x14559
565507070,Kelly-Acosta,Michael Hill,Advice worker,"5375 Blair Overpass Suite 275 Brandonton, DC 52793",Lake Karenburgh,Utah,15747,United States Minor Outlying Islands,747.528.2724x59574
31517,Wright-Lang,Danielle Medina,Hotel manager,"9177 William Ways South Michael, DE 12136",Cuevaschester,Virginia,20481,Anguilla,(670)962-2082x61441
214,Frye and Sons,Betty Everett,"Radiographer, diagnostic","18902 Jack Manors Apt. 543 West Amy, WA 93385",West Markview,New York,51031,Grenada,+1-612-368-7293x426
17899,Watson-Thomas,Oscar Compton,"Teacher, secondary school","2910 Jennifer Green South Dana, NJ 68124",Pattersonmouth,Michigan,52592,Hungary,+1-977-874-8082x125
64,Santos LLC,Christina Hart,Careers adviser,"007 Gina Island Patrickchester, WA 57349",Lake Bryan,Idaho,95727,Guinea,+1-836-659-6640x9228
9216,Lewis-Chavez,Thomas Hernandez,Architect,"06577 David Highway Apt. 836 Port Daniel, WY 24992",Barrerafurt,Texas,77483,Rwanda,879-997-7756x939
3373,Henry and Sons,Ashley Smith,"Psychologist, occupational","6599 James Hollow Suite 490 South Andreaburgh, PR 51766",Francisbury,Michigan,57575,India,001-299-643-8191x6946
718086478,Smith PLC,Jill Hamilton,Engineering geologist,"389 Anthony Center Smithborough, MN 79645",Matthewbury,Maryland,87700,Eritrea,750.655.8712
410,Cannon-Curtis,Kristen Marsh MD,Medical physicist,"16925 Gregory Run Apt. 747 Lambertbury, MD 83369",East Bryan,Arkansas,21686,Seychelles,903-279-6651x1155
6371839,Taylor-Williamson,Mark Daniels,Museum/gallery conservator,"9311 Wheeler Junctions Jamesberg, WY 07399",North Dale,Vermont,94405,Guam,+1-556-227-7216x683
7847024,"Fox, Boyle and Black",Heather Ramirez DDS,Ecologist,"1145 Robertson Squares Suite 161 Amandaton, OR 99274",West Travisborough,Georgia,15401,Guernsey,954.619.4340x1810
67095249,"Mejia, Turner and Hess",Patricia Moore,Copy,"970 Candice Run Douglasstad, SD 78299",East Brandontown,Indiana,11335,Bosnia and Herzegovina,(451)609-6837x1426
64129980,Randall Inc,Andrea Estes,Homeopath,"03394 Graham Fall Suite 859 Thomasstad, SD 14646",Jenniferville,Arkansas,73200,Senegal,(232)280-2297
4823910,Bean Group,Sheila White,Private music teacher,"62007 Michele Greens New Johnfurt, AS 28614",New Samanthatown,Nebraska,20968,Japan,(452)870-3654
100233352,Guerrero-Green,Wendy Lee,Television/film/video producer,"00439 White Squares Suite 304 Freyport, NM 41160",Kathleenhaven,New Mexico,96882,Lebanon,7167183045
9382465,Roberts-Webster,Samantha Peters,Statistician,"933 Walker Lock Suite 707 Jacobsstad, LA 54739",West Jason,Kentucky,12245,Russian Federation,(692)923-8543
25531788,"Miller, Schwartz and Myers",Diane Andrews,"Presenter, broadcasting","190 Gregory Shoals Apt. 283 East David, SD 47956",South Davidport,Florida,08699,Northern Mariana Islands,569.200.6368x0215
899150984,Walter-Hunter,Kelsey Davis,Site engineer,"4733 Virginia Creek Suite 397 North Michellehaven, RI 17759",Port Kimberlyshire,Washington,23905,Greece,635-669-5876
51020,Murphy and Sons,Laura Rodriguez,Equality and diversity officer,"748 Thomas Meadows Apt. 454 North Joanna, PW 10437",Lake Damon,Washington,97116,South Africa,9213713601
6653,Sutton-Knapp,Richard Lawson,Social worker,"976 Kirsten Junctions Suite 420 New Michaelmouth, WI 36446",Thomasfort,New Hampshire,59214,Slovenia,+1-298-809-7466x1438
263649,Lopez Ltd,Fred Lee,Occupational therapist,"4500 Singleton Tunnel Suite 837 West Ricardoberg, MA 13826",West Kristaton,South Carolina,26460,South Africa,(910)251-4833x7652
8588307,"Baldwin, Simpson and Davis",Sarah White,Printmaker,"USCGC Simmons FPO AE 16024",Carrshire,Maryland,44255,Bahrain,318.235.9443x0841
61431891,Young LLC,Anna Rose,"Journalist, newspaper","465 Ponce Turnpike Suite 300 Ryanport, LA 79173",South Lisashire,South Carolina,43783,Cayman Islands,(285)735-4703x6918
3672540,"Webb, Valentine and Miller",Diana Davis,Counselling psychologist,"849 Daniels Parkway Suite 958 North Adammouth, NV 70127",South Carrie,Mississippi,10815,Reunion,(273)369-2341x2076
4227,Ashley LLC,Susan Evans,Biomedical scientist,"564 Johns Islands Johnsonbury, MI 72183",East Benjaminshire,New Hampshire,31313,Congo,001-841-820-0786
693833,Gomez-Nichols,Adrian Moore,Occupational therapist,"746 Amanda Branch Jasonview, OH 00585",Barbaramouth,Arkansas,58179,Italy,(931)661-7793x500
417,Hernandez and Sons,Joshua Smith,"Exhibitions officer, museum/gallery","000 Martin Mountain Suite 344 Sarahton, HI 09968",Port Scottmouth,Missouri,01463,Netherlands,001-430-872-7874
1710,Moore-Baker,Kevin Brown,Education administrator,"654 Eric Circle East Yvonne, WY 45611",East Jimview,California,92601,United States Minor Outlying Islands,(855)356-2888
662731037,"Clark, Jones and Barry",Krystal Hubbard,Academic librarian,"574 Alexander Circle Apt. 763 Jillborough, NJ 21143",Joshuaborough,Pennsylvania,22374,Micronesia,673-509-5630x5770
226,Rodriguez-Goodwin,Mitchell Hickman,Music tutor,"54598 Vaughn Rapid Ianberg, SC 69155",Allenbury,Texas,56650,Western Sahara,+1-547-784-8711x4954
378,Gutierrez-Brown,Bob Parsons,"Production assistant, television","14275 Lisa Corners Apt. 638 Mcintoshside, DE 59217",New Calebstad,New Mexico,47919,Timor-Leste,001-612-745-8023x1653
482,Lopez-Marquez,Anne Sullivan,"Lighting technician, broadcasting/film/video","0661 Stephanie Ports West Mary, AS 76596",Reevesmouth,Nevada,14732,Ireland,592.665.1688
623,"Munoz, Henderson and Mckinney",Erica Ryan,Multimedia specialist,"26468 Kline Squares Suite 758 South Michelle, NM 58380",Gregoryhaven,Virginia,28102,Germany,+1-995-581-1781x757
51277171,"Barton, Kim and Gregory",Joshua Hood,"Librarian, public","19685 Karina Port Ashleyside, MD 46950",Olsenport,Alabama,93009,Samoa,392-362-5904x96183
46593,Pierce-Johnson,Patricia Phillips,Accounting technician,"7671 Nelson Brooks Apt. 650 North Carltown, GU 12030",East Elizabethbury,Minnesota,92858,Uruguay,001-441-377-8138x39186
3882,Thompson-Mcguire,Brent Taylor,Fashion designer,"210 Patrick Springs North Edwardbury, ID 22062",Port Michael,Missouri,56698,Russian Federation,739.647.3310x6685
2065313,"Nelson, Barnes and Morton",Andrea Fitzgerald,Forensic psychologist,"099 Rodney Run Suite 340 Brandimouth, NJ 07604",Clarkfurt,Vermont,45189,Morocco,(788)334-6441x722
220018,Perkins-Johnson,Angela Davis,Emergency planning/management officer,"755 Anderson Court New Renee, ND 87034",East Ethan,Idaho,69288,New Zealand,001-519-339-7843x60259
622234,Bishop Ltd,Lisa Clark,Art therapist,"11237 Shaun Wells North Tammy, GA 40533",Jenniferside,Alabama,81707,Lao People's Democratic Republic,949.928.3554x46651
9965,"Roth, Johnson and Howell",Carrie Boone,"Teacher, primary school","791 Price Overpass Manningstad, PW 53459",Cervantestown,Massachusetts,31427,Barbados,685.743.4650
60088,Lee-Randall,Tyrone Wilson,Marketing executive,"Unit 6579 Box 4563 DPO AA 64114",Brucefurt,Georgia,44642,Bahrain,2419139986
6312630,Paul-Smith,Catherine Garcia,Textile designer,"7011 David Ramp Apt. 118 East Johnhaven, VI 25005",Dustinside,Massachusetts,24390,Yemen,837-576-7499
112728,"Graham, Gomez and Yang",Lisa Rivas,Broadcast engineer,"74151 Zachary Motorway Apt. 201 Browntown, SC 55502",West Donaldborough,Kansas,14610,Lithuania,(883)700-4585
8333799,Robinson-Howard,Linda Luna,Radiation protection practitioner,"909 Waller Neck Suite 533 Bassstad, MT 71355",South Robert,Vermont,98955,Belarus,9688852753
401145718,Cook and Sons,Rodney Brown,Public relations account executive,"6901 Michelle Springs Suite 077 New Garrett, IA 67795",Perezland,Colorado,44513,Kiribati,(246)855-4969
28219,"Casey, Williams and Soto",Cynthia Barr,"Programme researcher, broadcasting/film/video","856 Beard Forest East Lindseyside, OR 28950",Zacharybury,New Hampshire,95213,Equatorial Guinea,288-988-5508
383,"Miller, Branch and Gardner",Lindsay Fitzgerald,Hydrologist,"95548 Tiffany Fords Apt. 502 Lake Brian, MT 42504",Erinland,Utah,24660,Bolivia,001-794-474-2135x1921
40870421,Stewart Inc,Nathaniel Blevins,Geochemist,"90114 Chase Common Suite 645 Mitchelltown, FM 95640",Richardsshire,Louisiana,21110,Guinea,451.468.3921
